{
 "mdsDat": {
 "x": [ -0.248267, -0.2537072, 0.05014553, 0.4254318, 0.02639691 ],
"y": [ 0.1345229, 0.1636829, -0.2019751, 0.2195133, -0.315744 ],
"topics": [ 1, 2, 3, 4, 5 ],
"Freq": [ 36.82555,   25.561, 19.22103, 15.30247, 3.089941 ],
"cluster": [        1,        1,        1,        1,        1 ] 
},
"tinfo": {
 "Term": [ "doo", "lisa", "school", "bart", "feel", "love", "life", "wait", "day", "people", "simpson", null, null, null, null, null, null, null, null, null, null, null, null, null, null, null, null, null, null, null, "bart", "wait", "day", "simpson", "love", "people", "life", "feel", "lisa", "school", "doo", null, "life", "love", "feel", "simpson", "people", "day", "lisa", "wait", "school", "bart", "doo", null, "school", "lisa", "people", "wait", "feel", "simpson", "life", "day", "bart", "love", "doo", null, "doo", "school", "feel", "lisa", "simpson", "life", "wait", "day", "bart", "people", "love", null, "feel", "lisa", "bart", "simpson", "life", "wait", "school", "day", "people", "love", "doo", null ],
"logprob": [       30,       29,       28,       27,       26,       25,       24,       23,       22,       21,       20,       19,       18,       17,       16,       15,       14,       13,       12,       11,       10,        9,        8,        7,        6,        5,        4,        3,        2,        1,  -1.3088,   -1.862,   -1.862,   -2.107,   -1.862,  -2.5122,  -2.7996,  -9.6031,  -9.6031,  -9.6031,  -9.6031, null,  -1.4954,  -1.3062,  -2.7265,  -2.1081,  -1.7829,  -1.9006,   -9.279,   -9.279,   -9.279,   -9.279,   -9.279, null,  -0.8354,  -1.2872,  -1.7665,  -2.1338,  -8.9373,  -8.9373,  -8.9373,  -8.9373,  -8.9373,  -8.9373,  -8.9373, null,  -0.0323,  -3.4932,  -8.7965,  -8.7965,  -8.7965,  -8.7965,  -8.7965,  -8.7965,  -8.7965,  -8.7965,  -8.7965, null,  -0.6044,  -1.0316,  -2.3515,  -8.3455,  -8.3455,  -8.3455,  -8.3455,  -8.3455,  -8.3455,  -8.3455,  -8.3455, null ],
"loglift": [       30,       29,       28,       27,       26,       25,       24,       23,       22,       21,       20,       19,       18,       17,       16,       15,       14,       13,       12,       11,       10,        9,        8,        7,        6,        5,        4,        3,        2,        1,   0.9691,   0.6635,   0.4869,   0.4715,   0.2055,  -0.2653,  -0.2708,  -6.2125,  -6.8565,  -7.1735,  -7.6942, null,   1.0334,   0.7613,   0.6641,   0.4704,    0.464,   0.4483,  -6.5324,  -6.7535,  -6.8494,  -7.0011,  -7.3701, null,   1.5942,   1.4594,   0.4804,   0.3916,  -5.5467,  -6.3588,  -6.4086,  -6.5884,  -6.6594,  -6.8698,  -7.0285, null,   1.8766,  -1.0636,  -5.4058,  -6.0499,  -6.2179,  -6.2677,   -6.271,  -6.4476,  -6.5185,  -6.5496,   -6.729, null,   2.7863,    1.715,  -0.0735,  -5.7669,  -5.8167,    -5.82,  -5.9159,  -5.9966,  -6.0986,  -6.2779,  -6.4366, null ],
"Freq": [       65,       28,       38,       44,       14,       55,       35,       35,       41,       46,       33, null, null, null, null, null, null, null, null, null, null, null, null, null, null, null, null, null, null, null, 43.67148, 25.11574, 25.11574, 19.65817, 25.11574, 13.10909, 9.834543, 0.01091514, 0.01091514, 0.01091514, 0.01091514, null, 25.15386, 30.39206, 7.343962, 13.62981, 18.86801, 16.77273, 0.01047641, 0.01047641, 0.01047641, 0.01047641, 0.01047641, null, 36.59696, 23.29301, 14.42371, 9.989053, 0.01108663, 0.01108663, 0.01108663, 0.01108663, 0.01108663, 0.01108663, 0.01108663, null, 65.04393, 2.042467, 0.01016153, 0.01016153, 0.01016153, 0.01016153, 0.01016153, 0.01016153, 0.01016153, 0.01016153, 0.01016153, null, 7.412181, 4.835152, 1.291736, 0.003221287, 0.003221287, 0.003221287, 0.003221287, 0.003221287, 0.003221287, 0.003221287, 0.003221287, null ],
"Total": [       65,       28,       38,       44,       14,       55,       35,       35,       41,       46,       33, null, null, null, null, null, null, null, null, null, null, null, null, null, null, null, null, null, null, null, 44.99494, 35.12865, 41.91294, 33.31245, 55.53227, 46.41418, 35.01287, 14.78831, 28.15971, 38.66404, 65.07963, null, 35.01287, 55.53227, 14.78831, 33.31245, 46.41418, 41.91294, 28.15971, 35.12865, 38.66404, 44.99494, 65.07963, null, 38.66404, 28.15971, 46.41418, 35.12865, 14.78831, 33.31245, 35.01287, 41.91294, 44.99494, 55.53227, 65.07963, null, 65.07963, 38.66404, 14.78831, 28.15971, 33.31245, 35.01287, 35.12865, 41.91294, 44.99494, 46.41418, 55.53227, null, 14.78831, 28.15971, 44.99494, 33.31245, 35.01287, 35.12865, 38.66404, 41.91294, 46.41418, 55.53227, 65.07963, null ],
"Category": [ "Default", "Default", "Default", "Default", "Default", "Default", "Default", "Default", "Default", "Default", "Default", "Default", "Default", "Default", "Default", "Default", "Default", "Default", "Default", "Default", "Default", "Default", "Default", "Default", "Default", "Default", "Default", "Default", "Default", "Default", "Topic1", "Topic1", "Topic1", "Topic1", "Topic1", "Topic1", "Topic1", "Topic1", "Topic1", "Topic1", "Topic1", "Topic1", "Topic2", "Topic2", "Topic2", "Topic2", "Topic2", "Topic2", "Topic2", "Topic2", "Topic2", "Topic2", "Topic2", "Topic2", "Topic3", "Topic3", "Topic3", "Topic3", "Topic3", "Topic3", "Topic3", "Topic3", "Topic3", "Topic3", "Topic3", "Topic3", "Topic4", "Topic4", "Topic4", "Topic4", "Topic4", "Topic4", "Topic4", "Topic4", "Topic4", "Topic4", "Topic4", "Topic4", "Topic5", "Topic5", "Topic5", "Topic5", "Topic5", "Topic5", "Topic5", "Topic5", "Topic5", "Topic5", "Topic5", "Topic5" ] 
},
"token.table": {
 "Term": [ "bart", "bart", "day", "day", "doo", "feel", "feel", "life", "life", "lisa", "lisa", "love", "love", "people", "people", "people", "school", "school", "simpson", "simpson", "wait", "wait" ],
"Topic": [ 1, 5, 1, 2, 4, 2, 5, 1, 2, 3, 5, 1, 2, 1, 2, 3, 3, 4, 1, 2, 1, 3 ],
"Freq": [ 0.9778877, 0.02222472, 0.5964745, 0.4056027, 0.9987765, 0.473347, 0.473347, 0.2856093, 0.7140232, 0.8167697, 0.1775586, 0.4501887, 0.5402264, 0.2800868, 0.4093576, 0.3016319, 0.9569615, 0.05172765, 0.6003762, 0.4202633, 0.7116697, 0.2846679 ] 
},
"R":       30,
"lambda.step":      0.1,
"plot.opts": {
 "xlab": "PC1",
"ylab": "PC2" 
},
"topic.order": [ 5, 1, 3, 4, 2 ] 
}